ID,Name (Chinese) ,Date of Announcement
1,侯景华,4/1/15
2,孙怀山,2/3/17
3,陈旭,1/3/17
4,李文科,28/2/2017
5,王银成,23/2/2017
6,虞海燕,11/1/17
7,卢恩光,16/12/2016
8,吴天君,11/11/16
9,张文雄,8/11/16
10,陈树隆,8/11/16
11,黄兴国,10/9/16
12,尹海林,22/8/2016
13,姚中民,6/6/16
14,李云峰,30/5/2016
15,杨振超,24/5/2016
16,张越,16/4/2016
17,李成云,9/4/16
18,苏宏章,6/4/16
19,杨鲁豫,6/4/16
20,李嘉,23/3/2016
21,王阳,16/3/2016
22,卢子跃,16/3/2016
23,王珉,4/3/16
24,蔡希有,6/2/16
25,刘志庚,4/2/16
26,王保安,26/1/2016
27,龚清概,19/1/2016
28,陈雪枫,16/1/2016
29,常小兵,27/12/2015
30,盖如垠,8/12/15
31,周来振,24/11/2015
32,姚刚,13/11/2015
33,吕锡文,11/11/15
34,艾宝俊,10/11/15
35,白雪山,6/11/15
36,司献民,4/11/15
37,朱福寿,2/11/15
38,苏树林,7/10/15
39,张乐斌,22/9/2015
40,张育军,16/9/2015
41,邓崎琳,29/8/2015
42,杨栋梁,18/8/2015
43,谷春立,1/8/15
44,张力军,30/7/2015
45,周本顺,24/7/2015
46,奚晓明,12/7/15
47,乐大克,26/6/2015
48,肖天涉,25/6/2015
49,余远辉,22/5/2015
50,王天普,27/4/2015
51,钟世坚,1/4/15
52,徐钢,20/3/2015
53,廖永远,16/3/2015
54,徐建一,15/3/2015
55,仇和,15/3/2015
56,栗智,11/3/15
57,景春华,3/3/15
58,斯鑫良,16/2/2015
59,陆武成,23/1/2015
60,霍克,16/1/2015
61,马建,16/1/2015
62,杨卫泽,4/1/15
63,孙鸿志,26/12/2014
64,令计划,22/12/2014
65,韩学键,22/12/2014
66,王敏,18/12/2014
67,朱明国,28/11/2014
68,隋凤富,27/11/2014
69,梁滨,20/11/2014
70,何家成,11/10/14
71,赵少麟,11/10/14
72,秦玉海,21/9/2014
73,潘逸阳,17/9/2014
74,孙兆学,15/9/2014
75,任润厚,29/8/2014
76,白恩培,29/8/2014
77,白云,29/8/2014
78,聂春玉,23/8/2014
79,陈川平,23/8/2014
80,陈铁新,24/7/2014
81,杨森林,23/7/2014
82,武长顺,20/7/2014
83,韩先聪,12/7/14
84,谭力,8/7/14
85,万庆良,27/6/2014
86,杜善学,19/6/2014
87,令政策,19/6/2014
88,苏荣,14/6/2014
89,阳宝华,26/5/2014
90,王帅廷,16/5/2014
91,谭栖伟,3/5/14
92,毛小兵,24/4/2014
93,宋林,17/4/2014
94,申维辰,12/4/14
95,姚木根,22/3/2014
96,沈培平,9/3/14
97,金道铭,27/2/2014
98,祝作利,19/2/2014
99,冀文林,18/2/2014
100,李崇禧,29/12/2013
101,杨刚,27/12/2013
102,李东生,20/12/2013
103,童名谦,18/12/2013
104,陈安众,6/12/13
105,戴春宁,1/12/13
106,许杰涉,28/11/2013
107,郭有明,27/11/2013
108,陈柏槐,19/11/2013
109,廖少华,28/10/2013
110,季建业,17/10/2013
111,齐平景,11/10/13
112,蒋洁敏,1/9/13
113,王永春,26/8/2013
114,李达球,6/7/13
115,王素毅,30/6/2013
116,郭永祥,22/6/2013
117,倪发科,4/6/13
118,李春城,6/12/12
119,刘长虹,5/11/16
120,王克勤,28/10/2016
121,谷宜成,18/10/2016
122,王赣江,24/8/2016
123,陈国峰,23/12/2015
124,马仑,21/11/2015
125,王威,19/10/2015
126,任伟,19/10/2015
127,周和宇,19/10/2015
128,左春文,14/9/2015
129,张宝胜,21/8/2015
130,熊跃辉,19/8/2015
131,潘亿,11/8/15
132,潘志琛,4/8/15
133,顾欣,9/7/15
134,童敏,29/5/2015
135,王志富,13/5/2016
136,冷荣泉,17/4/2015
137,吴振芳,2/4/15
138,张正璠,18/3/2015
139,安文华,18/3/2015
140,郑孝雍,5/1/15
141,吴旭勇,6/1/15
142,刘洪元,7/1/15
143,宗新华,29/12/2014
144,范仲,25/12/2014
145,华泽桥,23/12/2014
146,张文江,22/12/2014
147,刘宝龙,22/12/2014
148,任勇,19/12/2014
149,王刚建,18/12/2014
150,张智江,15/12/2014
151,王笑然,8/12/14
152,李量,1/12/14
153,辛希乐,30/10/2014
154,燕福龙,27/8/2014
155,吴浩,10/6/14
156,曹立新,19/5/2014
157,魏健,9/5/14
158,高剑云,18/4/2014
159,王俊国,24/3/2014
160,罗争玉,24/3/2014
161,张跃明,24/3/2014
162,王文珂,7/3/14
163,李华林,27/8/2013
164,冉新权,27/8/2013
165,王道富,27/8/2013
166,王卫,19/4/2017
167,朱琳,19/4/2017
168,陶军锋,17/4/2017
169,辛继平,17/4/2017
170,马光明,14/4/2017
171,郭成球,10/4/17
172,江崇军,10/4/17
173,黄祥利,10/4/17
174,姚学亮,7/4/17
175,王世江,6/4/17
176,迪里木拉提·吾甫尔江,7/4/17
177,陈延,5/4/17
178,董锋,6/4/17
179,王志勇,5/4/17
180,郭治鑫,5/4/17
181,王秀琴,1/4/17
182,张翊,1/4/17
183,钟小平,1/4/17
184,唐国栋,1/4/17
185,云斌,31/3/2017
186,和学民,30/3/2017
187,严洪波,28/3/2017
188,贺福宝,29/3/2017
189,张常明,28/3/2017
190,张湘涛,27/3/2017
191,郭海,22/3/2017
192,王亚非,20/3/2017
193,何学文,20/3/2017
194,谭秀萍,20/3/2017
195,邓章武,19/3/2017
196,尼加提·马合木提,19/3/2017
197,杨杰,16/3/2017
198,许佩华,15/3/2017
199,胡维杰,14/3/2017
200,何浩,13/3/2017
201,何根海,13/3/2017
202,苗润才,10/3/17
203,张宽民,11/3/17
204,杨建勋,12/3/17
205,王检养,10/3/17
206,马力勇,7/3/17
207,王红星,7/3/17
208,刘运武,6/3/17
209,冯耀武,2/3/17
210,周符波,1/3/17
211,李廷荣,27/2/2017
212,魏绍水,24/2/2017
213,郑丹竹,24/2/2017
214,雷腾芳,23/2/2017
215,何宗志,23/2/2017
216,郭周克,23/2/2017
217,冷新生,20/2/2017
218,马吉林,19/2/2017
219,王建华,15/2/2017
220,吴景涛,13/2/2017
221,刘树琪,13/2/2017
222,韩新城,10/2/17
223,黄仕芳,10/2/17
224,沙塔尔·沙吾,9/2/17
225,田晓丹,24/1/2017
226,张晓江,21/1/2017
227,金奎祥,19/1/2017
228,赵锦,17/1/2017
229,吴万俊,16/1/2017
230,魏跃晖,13/1/2017
231,何军,5/1/17
232,张金标,5/1/17
233,张维德,30/12/2016
234,杨敬农,30/12/2016
235,朱兵,29/12/2016
236,田建荣,28/12/2016
237,杨德彬,24/12/2016
238,沈毅,23/12/2016
239,黄舜斌,23/12/2016
240,李念农,22/12/2016
241,张泉芬,21/12/2016
242,王社平,20/12/2016
243,贾学英,16/12/2016
244,边仁权,14/12/2016
245,李晓军,9/12/16
246,芈大伟,9/12/16
247,冯桂雄,8/12/16
248,李会永,1/12/16
249,王廷恺,1/12/16
250,顾春瑞,1/12/16
251,孔新宁,30/11/2016
252,买买提·吐尔迪,26/11/2016
253,董荣华,25/11/2016
254,范勤云,24/11/2016
255,路国贤,23/11/2016
256,蔡漳平,23/11/2016
257,李英华,22/11/2016
258,王学斌,21/11/2016
259,蔡有彬,18/11/2016
260,张晶川,18/11/2016
261,王立军,18/11/2016
262,周仁强,18/11/2016
263,张兴华,22/11/2016
264,廖泽龙,16/11/2016
265,吴元欣,14/11/2016
266,陈优秀,9/11/16
267,邓建华,7/11/16
268,蒋学宁,18/11/2016
269,禄松,4/11/16
270,王世权,4/11/16
271,孙长进,4/11/16
272,舒炼,1/11/16
273,易贵长,31/10/2016
274,姜周,29/10/2016
275,李可,18/10/2016
276,张华,17/10/2016
277,戴炜,14/10/2016
278,汪洋,14/10/2016
279,杨建军,14/10/2016
280,梁栋,14/10/2016
281,陈启忠,13/10/2016
282,邓美荣,12/10/16
283,李纯涛,12/10/16
284,李世镕,11/10/16
285,周连科,8/10/16
286,吴建林,30/9/2016
287,阿不都热扎克·沙依木涉,29/9/2016
288,刘东亮,29/9/2016
289,王洪仁,28/9/2016
290,张晓玉,29/9/2016
291,尹亮,23/9/2016
292,张文强,22/9/2016
293,罗建强,21/9/2016
294,高玉清,20/9/2016
295,赵琪,18/9/2016
296,周建雄,14/9/2016
297,张晓波,9/9/16
298,屈孝初,9/9/16
299,李耀新,8/9/16
300,周勇,7/9/16
301,杨松柏,6/9/16
302,潘平,3/9/16
303,曹爱华,2/9/16
304,郭茹,1/9/16
305,杨雪鸿,1/9/16
306,张彬,30/8/2016
307,曾小刚,30/8/2016
308,贡嘎罗布,25/8/2016
309,李作良,23/8/2016
310,郑云峰,22/8/2016
311,钟长鸣,22/8/2016
312,赵成荣,22/8/2016
313,黄斌,19/8/2016
314,吴野松,17/8/2016
315,祁鸣,17/8/2016
316,刘明贵,16/8/2016
317,杨茂顺,16/8/2016
318,容康社,15/8/2016
319,胡运生,12/8/16
320,张鲁军,11/8/16
321,王和平,10/8/16
322,景泽宇,10/8/16
323,左敬军,9/8/16
324,朱会宾,8/8/16
325,左新波,7/8/16
326,麦承标,3/8/16
327,谢治秀,3/8/16
328,许大刚,2/8/16
329,王炜,1/8/16
330,王修德,1/8/16
331,张庆军,30/7/2016
332,宋德平,22/7/2016
333,冯军,21/7/2016
334,彭怀忠,20/7/2016
335,王义芳,19/7/2016
336,张建雄,19/7/2016
337,赵海燕,16/7/2016
338,周先雁,15/7/2016
339,李士祥,13/7/2016
340,罗毅,8/7/16
341,崔河,7/7/16
342,易杰,6/7/16
343,刘少兵,4/7/16
344,孙志毅,29/6/2016
345,范先汉,27/6/2016
346,刘强,27/6/2016
347,杨长清,27/6/2016
348,周章新,24/6/2016
349,李可君,24/6/2016
350,葛晓华,22/6/2016
351,宋家传,21/6/2016
352,卢淳杰,17/6/2016
353,王富强,17/6/2016
354,孙立坤,15/6/2016
355,汪江华,14/6/2016
356,蒙永福,13/6/2016
357,王德周,8/6/16
358,王元开,8/6/16
359,陶荣铅,8/6/16
360,钱芳莉,8/6/16
361,丁英辉,7/6/16
362,夏祖昌,6/6/16
363,艾则孜·克尤木,5/6/16
364,张军佑,3/6/16
365,刘柏洪,3/6/16
366,廖天明,3/6/16
367,杨国志,2/6/16
368,褚来福,1/6/16
369,孙宝水,1/6/16
370,王跃平,26/5/2016
371,王玉民,26/5/2016
372,邹家军,25/5/2016
373,瓦庆荣,23/5/2016
374,高玉林,20/5/2016
375,崔源发,20/5/2016
376,程瀚,18/5/2016
377,冀春楼,17/5/2016
378,任卢旺,17/5/2016
379,陈浩文,16/5/2016
380,何炳华,16/5/2016
381,马邦勤,16/5/2016
382,常保良,16/5/2016
383,韩吉顺,13/5/2016
384,江建明,13/5/2016
385,张益民,12/5/16
386,连友农,10/5/16
387,李学海,10/5/16
388,王建又,9/5/16
389,黄爱国,7/5/16
390,付臣,19/8/2015
391,杨荣辉,19/8/2015
392,张建华,19/8/2015
393,朱泽君,17/8/2015
394,郭胜伟,15/8/2015
395,张卫国,15/8/2015
396,王和平,15/8/2015
397,魏德谦,13/8/2015
398,谢铁军,13/8/2015
399,廖锋,12/8/15
400,肖万寿,12/8/15
401,薛培明,12/8/15
402,谢亮,9/8/15
403,王树森,8/8/15
404,翁善波,6/8/15
405,赵国明,5/8/15
406,黄锦辉,5/8/15
407,王万年,4/8/15
408,张绮文,29/7/2015
409,刘地生,29/7/2015
410,贾凤鸣,29/7/2015
411,薛兴国,29/7/2015
412,黄迪领,28/7/2015
413,常世雄,28/7/2015
414,上官永清,24/7/2015
415,谢海生,24/7/2015
416,夏鹭平,24/7/2015
417,何为,24/7/2015
418,高军,23/7/2015
419,李小勇,23/7/2015
420,夏新平,23/7/2015
421,周林,23/7/2015
422,杨树平,22/7/2015
423,回学勇,22/7/2015
424,罗建极,22/7/2015
425,谢晖,22/7/2015
426,王贵彬,20/7/2015
427,孙峰,20/7/2015
428,楼旭逵,20/7/2015
429,胡守斌,20/7/2015
430,刘显明,20/7/2015
431,莫凡,20/7/2015
432,谈天江,17/7/2015
433,罗敏,15/7/2015
434,杨永辉,15/7/2015
435,陈传根,15/7/2015
436,卢增荣,14/7/2015
437,邓小兵,14/7/2015
438,陈光杰,11/7/15
439,杨清禄,10/7/15
440,苗春岫,10/7/15
441,朱淳,8/7/15
442,马占林,6/7/15
443,江国河,4/7/15
444,洪发科,3/7/15
445,阿力木江·买买提明,28/6/2015
446,赵长生,26/6/2015
447,蒋颖,25/6/2015
448,白文源,25/6/2015
449,刘建超,25/6/2015
450,吴勇,25/6/2015
451,陈久奎,25/6/2015
452,韩定海,25/6/2015
453,周阳,24/6/2015
454,宁宗礼,23/6/2015
455,陈剑峰,19/6/2015
456,杜言,19/6/2015
457,吴克明,17/6/2015
458,张家成,15/6/2015
459,刘金海,12/6/15
460,严瑞,12/6/15
461,莫定伟,12/6/15
462,门生,10/6/15
463,董光辉,9/6/15
464,谢其华,9/6/15
465,景照辉,9/6/15
466,陈连生,8/6/15
467,陈学军,5/6/15
468,彭泽洲,5/6/15
469,范小雄,5/6/15
470,王富民,5/6/15
471,李锋德,4/6/15
472,张海涛,2/6/15
473,王春安,2/6/15
474,李江山,2/6/15
475,赵新尉,28/5/2015
476,黄河鸿,26/5/2015
477,吴清,26/5/2015
478,王詠,25/5/2015
479,黄峰岩,25/5/2015
480,吴军,22/5/2015
481,李自成,22/5/2015
482,晏拥军,20/5/2015
483,梁柏雄,20/5/2015
484,刘志明,20/5/2015
485,张志军,19/5/2015
486,韩玉奇,18/5/2015
487,唐成良,18/5/2015
488,张平,15/5/2015
489,张国秋,15/5/2015
490,杨照民,15/5/2015
491,李斌,13/5/2015
492,林春贵,13/5/2015
493,马勇,13/5/2015
494,肖玉平,12/5/15
495,刘福祥,12/5/15
496,赵洪,8/5/15
497,陈正权,8/5/15
498,冯杰,7/5/15
499,廖东明,5/5/15
500,李小平,4/5/15
501,宋继新,4/5/15
502,佟景春,4/5/15
503,夏夕云,4/5/15
504,张兴斌,4/5/15
505,常利民,4/5/15
506,何浩明,30/4/2015
507,林柏江,29/4/2015
508,黄柏青,29/4/2015
509,陈达,29/4/2015
510,温乃粘,29/4/2015
511,张治国,29/4/2015
512,张家星,24/4/2015
513,王政山,24/4/2015
514,彭博,24/4/2015
515,王建根,23/4/2015
516,覃金平,23/4/2015
517,徐学才,23/4/2015
518,杨世芳,22/4/2015
519,高建国,22/4/2015
520,徐国才,22/4/2015
521,李跃民,22/4/2015
522,黄升伟,20/4/2015
523,杨郧生,19/4/2015
524,杨步国,19/4/2015
525,梁振林,15/4/2015
526,曾爱东,15/4/2015
527,钟世范,15/4/2015
528,李阳通,15/4/2015
529,黄斌,15/4/2015
530,郭德利,15/4/2015
531,孔海龙,15/4/2015
532,戴伟杰,15/4/2015
533,石力,14/4/2015
534,李玉楷,14/4/2015
535,孙兰雨,13/4/2015
536,徐华江,13/4/2015
537,周杰,13/4/2015
538,康均行,13/4/2015
539,李晋华,11/4/15
540,蔡敦成,11/4/15
541,白建荣,10/4/15
542,解根法,10/4/15
543,苗俭中,10/4/15
544,高劲松,10/4/15
545,李炜,10/4/15
546,张天德,10/4/15
547,赵家兴,10/4/15
548,李军,10/4/15
549,薛蒙林,10/4/15
550,郑新平,9/4/15
551,张猛,9/4/15
552,刘红梅,9/4/15
553,余守明,9/4/15
554,冀东书,9/4/15
555,江建民,8/4/15
556,莫涓,7/4/15
557,孙玉英,7/4/15
558,吴国禄,7/4/15
559,郭德清,7/4/15
560,冷有春,3/4/15
561,崔志勇,2/4/15
562,黄常青,2/4/15
563,黄志强,2/4/15
564,卢旺存,2/4/15
565,尹明奎,1/4/15
566,宋万忠,1/4/15
567,韩增义,31/3/2015
568,崔健,31/3/2015
569,陈世权,30/3/2015
570,蒋昌盛,30/3/2015
571,谢清纯,30/3/2015
572,祁达才,30/3/2015
573,陈贵,28/3/2015
574,周亨华,28/3/2015
575,李平,27/3/2015
576,薛伯清,26/3/2015
577,杨耀东,24/3/2015
578,刘生瑞,24/3/2015
579,董景明,24/3/2015
580,高宝玉,20/3/2015
581,李光荣,20/3/2015
582,卢光辉,20/3/2015
583,田志明,23/3/2015
584,刘向东,19/3/2015
585,张仲平,19/3/2015
586,李寿垓,19/3/2015
587,王迪生,18/3/2015
588,谢新松,18/3/2015
589,仇旭辉,17/3/2015
590,戴海波,17/3/2015
591,刘明书,13/3/2015
592,陈延华,8/3/15
593,杨永,8/3/15
594,陈秋华,6/3/15
595,孟必光,5/3/15
596,李延国,5/3/15
597,郝天宇,2/3/15
598,龙福清,28/2/2015
599,王绍志,28/2/2015
600,欧嘎,28/2/2015
601,陈伟,28/2/2015
602,许荣勇,28/2/2015
603,周少方,27/2/2015
604,和军,27/2/2015
605,陈家堂,27/2/2015
606,丁旭东,15/2/2015
607,李欣雁,15/2/2015
608,季允丰,10/2/15
609,王德善,10/2/15
610,刘凯,10/2/15
611,方少平,6/2/15
612,林峰,6/2/15
613,胡梓实,6/2/15
614,孙立凯,4/2/15
615,侯端敏,3/2/15
616,黄华宽,3/2/15
617,黄健,3/2/15
618,杨文虎,2/2/15
619,马秋平,2/2/15
620,肖作文,2/2/15
621,邹太新,2/2/15
622,陆海军,30/1/2015
623,古怀璞,28/1/2015
624,洛松次仁,28/1/2015
625,贾春林,23/1/2015
626,许刚,23/1/2015
627,包崇明,22/1/2015
628,任海津,22/1/2015
629,陈盛仪,21/1/2015
630,谢国玮,20/1/2015
631,白文,20/1/2015
632,陈雄,19/1/2015
633,孙彦彬,19/1/2015
634,杨彦彬,19/1/2015
635,付延成,19/1/2015
636,魏俊星,16/1/2015
637,杜泽生,16/1/2015
638,张文明,16/1/2015
639,崔学勇,9/1/15
640,冯林华,9/1/15
641,刘桂东,8/1/15
642,程全洪,8/1/15
643,王程,7/1/15
644,黄凤凯,8/1/15
645,褚中志,7/1/15
646,程群林,6/1/15
647,牛敏,6/1/15
648,周金柱,5/1/15
649,潘胜燊,6/1/15
650,姜紫勤,5/1/15
651,陈建州,1/1/15
652,祁金立,31/12/2014
653,李浩,31/12/2014
654,严世涛,31/12/2014
655,彭辉,30/12/2014
656,董洪运,29/12/2014
657,姚堂文,29/12/2014
658,沈东海,29/12/2014
659,张学军,29/12/2014
660,黄顺福,28/12/2014
661,李良森,25/12/2014
662,张凤国,23/12/2014
663,邢太安,20/12/2014
664,朱建平,20/12/2014
665,于小明,20/12/2014
666,姜燮富,19/12/2014
667,李晓明,19/12/2014
668,羊群,18/12/2014
669,郭法杰,17/12/2014
670,苏爱国,16/12/2014
671,吴永平,12/12/14
672,张印寿,12/12/14
673,林楚欣,12/12/14
674,段金英,12/12/14
675,杨文明,13/12/2014
676,张显富,9/12/14
677,蓝军,8/12/14
678,贾奋强,5/12/14
679,杨有明,5/12/14
680,李葆,4/12/14
681,洪嘉祥,4/12/14
682,蔡江华,3/12/14
683,刘广龙,2/12/14
684,谢超,2/12/14
685,崔力夫,1/12/14
686,李佳,27/11/2014
687,徐尚红,28/11/2014
688,解先文,28/11/2014
689,康晓剑,28/11/2014
690,李立平,28/11/2014
691,袁志刚,27/11/2014
692,刘世君,26/11/2014
693,房国兴,26/11/2014
694,李逢春,25/11/2014
695,王亚罗,21/11/2014
696,曹务顺,21/11/2014
697,曹勇,21/11/2014
698,姜文康,21/11/2014
699,范汝雄,17/11/2014
700,李连玉,15/11/2014
701,杨殿钟,15/11/2014
702,孟照勤,14/11/2014
703,刘跃红,14/11/2014
704,张明全,13/11/2014
705,王志忠,12/11/14
706,王宁,12/11/14
707,嵇克俭,11/11/14
708,尹晋光,7/11/14
709,周鸿德,7/11/14
710,吴灵臣,7/11/14
711,张金泉,7/11/14
712,李建功,6/11/14
713,李长根,6/11/14
714,周连根,6/11/14
715,阚相华,3/11/14
716,田玉宝,3/11/14
717,梁毅民,31/10/2014
718,杜浒,30/10/2014
719,张苏洲,29/10/2014
720,汤志明,29/10/2014
721,冯军,29/10/2014
722,张平因,29/10/2014
723,李全保,28/10/2014
724,赵敏,28/10/2014
725,田晓和,27/10/2014
726,郭祖祥,27/10/2014
727,张金维,28/10/2014
728,蒋尊玉,24/10/2014
729,万传友,23/10/2014
730,罗勤宏,23/10/2014
731,李光熙,22/10/2014
732,吴继德,22/10/2014
733,李喜因,21/10/2014
734,杨雁文,20/10/2014
735,郭耀光,20/10/2014
736,李志新,20/10/2014
737,吕继臣,17/10/2014
738,庄耀,17/10/2014
739,高学文,17/10/2014
740,刘宝钧,16/10/2014
741,丰立祥,15/10/2014
742,刘俊林,14/10/2014
743,刘万青,10/10/14
744,严文清,10/10/14
745,黄德意,8/10/14
746,欧阳志鸿,30/9/2014
747,丁凤云,28/9/2014
748,张鸿,26/9/2014
749,杨信,25/9/2014
750,苗永清,25/9/2014
751,王民,25/9/2014
752,王树新,25/9/2014
753,秦建孝,25/9/2014
754,沈念平,24/9/2014
755,黄羽天,24/9/2014
756,邓全忠,24/9/2014
757,朱太中,23/9/2014
758,于忠平,22/9/2014
759,王家黔,19/9/2014
760,李强,17/9/2014
761,王宝军,17/9/2014
762,赵山,17/9/2014
763,黄晓炎,17/9/2014
764,陈卫民,15/9/2014
765,冯亚军,13/9/2014
766,王俊英,12/9/14
767,孟晓灵,12/9/14
768,冯梳胜,12/9/14
769,杨建华,12/9/14
770,陈仲怀,12/9/14
771,林强,12/9/14
772,张小普,12/9/14
773,陈长林,12/9/14
774,高烈卿,11/9/14
775,王天朝,11/9/14
776,武文元,10/9/14
777,王振坤,10/9/14
778,杨进先,10/9/14
779,王洪记,9/9/14
780,张健,9/9/14
781,郑怡,9/9/14
782,巫向前,9/9/14
783,郭鹏亮,9/9/14
784,张力奎,9/9/14
785,侯俊义,9/9/14
786,郑良驹,9/9/14
787,于保华,9/9/14
788,杜伟,8/9/14
789,赵欣,5/9/14
790,翦保平,5/9/14
791,杨文礼,5/9/14
792,王爱民,4/9/14
793,丁铧,1/9/14
794,李富山,30/8/2014
795,安德武,29/8/2014
796,刘国生,29/8/2014
797,何益斌,29/8/2014
798,徐铁骏,29/8/2014
799,黄福明,28/8/2014
800,杨映祥,28/8/2014
801,张巨彪,28/8/2014
802,谈应鹏,28/8/2014
803,张志勇,28/8/2014
804,刘保平,28/8/2014
805,宋建国,28/8/2014
806,王洪钟,28/8/2014
807,温震,28/8/2014
808,丁镇宽,28/8/2014
809,陈勇,27/8/2014
810,单增庆,27/8/2014
811,陈争鸣,27/8/2014
812,仲继安,27/8/2014
813,刘小云,26/8/2014
814,唐浩,25/8/2014
815,孙平,22/8/2014
816,刘志海,21/8/2014
817,杨新年,21/8/2014
818,张厚,21/8/2014
819,周春义,21/8/2014
820,赵德胜,20/8/2014
821,李云忠,19/8/2014
822,苏绍华,19/8/2014
823,姜明,18/8/2014
824,陆云飞,18/8/2014
825,许兆君,17/8/2014
826,连子恒,17/8/2014
827,孟钢,17/8/2014
828,汤爱军,16/8/2014
829,李军,16/8/2014
830,旷蓉晖,16/8/2014
831,潘晓东,13/8/2014
832,杨俊,13/8/2014
833,吴育标,13/8/2014
834,古鹏,13/8/2014
835,宋景春,12/8/14
836,方西屏,11/8/14
837,雷凌霄,11/8/14
838,蔡聚雨,11/8/14
839,祁亮山,11/8/14
840,汪汉臣,8/8/14
841,李江鱼,8/8/14
842,郭彪,7/8/14
843,黄少儒,7/8/14
844,杨仕刚,7/8/14
845,梅祖恩,7/8/14
846,张延臣,7/8/14
847,刘建军,7/8/14
848,许先珠,6/8/14
849,毕振铎,6/8/14
850,黄宗信,4/8/14
851,黄继红,4/8/14
852,何国有,4/8/14
853,王冠军,3/8/14
854,王燕玲,2/8/14
855,何绍勇,30/7/2014
856,陈文广,30/7/2014
857,吕在模,28/7/2014
858,刘长春,28/7/2014
859,毛志斌,28/7/2014
860,李新全,28/7/2014
861,李学文,23/7/2014
862,夏先禄,23/7/2014
863,李刚,21/7/2014
864,白海泉,17/7/2014
865,何卫华,16/7/2014
866,李志全,16/7/2014
867,金喜善,16/7/2014
868,王浩,16/7/2014
869,朱中华,15/7/2014
870,熊伟,15/7/2014
871,谭春玉,16/7/2014
872,李威,14/7/2014
873,高维平,14/7/2014
874,李振江,14/7/2014
875,饶思汉,11/7/14
876,班万声,11/7/14
877,付毅,10/7/14
878,张世军,7/7/14
879,李俊夫,4/7/14
880,张丽菊,4/7/14
881,周建明,30/6/2014
882,李周岐,30/6/2014
883,卢泉昌,28/6/2014
884,余红星,27/6/2014
885,涂维发,27/6/2014
886,黄达源,27/6/2014
887,郭跃进,25/6/2014
888,彭雄高,25/6/2014
889,王会师,24/6/2014
890,贺维林,20/6/2014
891,钟炳明,20/6/2014
892,宋红兵,20/6/2014
893,罗忠国,17/6/2014
894,王道祥,17/6/2014
895,陈明鸣,17/6/2014
896,张京国,17/6/2014
897,蔚百芳,17/6/2014
898,徐长生,17/6/2014
899,刁光万,15/6/2014
900,吕静锋,13/6/2014
901,涂季康,12/6/14
902,王银旺,10/6/14
903,陆钦华,9/6/14
904,罗其方,9/6/14
905,吴军,9/6/14
906,邓泽川,6/6/14
907,余国伟,6/6/14
908,李浪,5/6/14
909,陆清玉,5/6/14
910,曾平,4/6/14
911,何金铭,4/6/14
912,赵洪兴,30/5/2014
913,张中生,29/5/2014
914,宋建国,27/5/2014
915,徐励明,23/5/2014
916,徐波,23/5/2014
917,张云昌,22/5/2014
918,任鹏举,22/5/2014
919,张久振,22/5/2014
920,李彦明,22/5/2014
921,李然斌,22/5/2014
922,陈廷防,21/5/2014
923,韩建国,21/5/2014
924,谭建忠,20/5/2014
925,刘洪涛,20/5/2014
926,周仕刚,21/5/2014
927,周立波,21/5/2014
928,陈志中,17/5/2014
929,李和平,17/5/2014
930,孙卫东,15/5/2014
931,靳瑞林,15/5/2014
932,张绪鹏,14/5/2014
933,刘岳辉,14/5/2014
934,蔡勇,13/5/2014
935,马勇慧,13/5/2014
936,孙兆军,12/5/14
937,刘庆成,9/5/14
938,万同,9/5/14
939,赵中社,8/5/14
940,梁国英,8/5/14
941,王侃,8/5/14
942,徐曙明,7/5/14
943,李培中,7/5/14
944,胡铁辉,6/5/14
945,徐超,5/5/14
946,田为友,5/5/14
947,舒展,4/5/14
948,崔成健,4/5/14
949,霍声璞,30/4/2014
950,邢高,30/4/2014
951,郭忠实,30/4/2014
952,杨晓波,30/4/2014
953,徐同文,30/4/2014
954,严文波,29/4/2014
955,赵涌涛,28/4/2014
956,赵亚平,25/4/2014
957,刘国庆,25/4/2014
958,赵杏娥,25/4/2014
959,宋铜,23/4/2014
960,崔仁泉,21/4/2014
961,何继雄,21/4/2014
962,杜良英,21/4/2014
963,方纪章,21/4/2014
964,叶页,21/4/2014
965,谭丽群,21/4/2014
966,简汝坚,21/4/2014
967,郑柏平,21/4/2014
968,高重瞳,21/4/2014
969,马林国,21/4/2014
970,施维雄,18/4/2014
971,彭振华,17/4/2014
972,廖晓昌,17/4/2014
973,许金华,17/4/2014
974,张文华,17/4/2014
975,陈虹,16/4/2014
976,王君,16/4/2014
977,程润社,16/4/2014
978,柯志敏,16/4/2014
979,徐胜斌,16/4/2014
980,杨光成,15/4/2014
981,钱磊,15/4/2014
982,张先华,15/4/2014
983,王国群,14/4/2014
984,王昌平,14/4/2014
985,刘志秀,14/4/2014
986,杨胜美,14/4/2014
987,杨晓初,14/4/2014
988,赵苗,12/4/14
989,陈瑞斋,11/4/14
990,田玉林,11/4/14
991,江山,11/4/14
992,杨谋林,11/4/14
993,谢春,11/4/14
994,龚举成,10/4/14
995,郑道良,10/4/14
996,罗卫国,10/4/14
997,曾孔祥,10/4/14
998,文林,10/4/14
999,林翘银,10/4/14
1000,吴克,9/4/14
1001,宋景涛,9/4/14
1002,马宗明,8/4/14
1003,刘振兴,8/4/14
1004,贾全明,4/4/14
1005,李平宣,4/4/14
1006,黄振明,4/4/14
1007,刘智超,4/4/14
1008,李国军,4/4/14
1009,苏利明,3/4/14
1010,杨祥勤,3/4/14
1011,程宝军,3/4/14
1012,董璞,2/4/14
1013,张勤耘,1/4/14
1014,王宏强,1/4/14
1015,余信国,1/4/14
1016,李平安,31/3/2014
1017,冯立梅,30/3/2014
1018,涂瑶生,30/3/2014
1019,范赛虎,28/3/2014
1020,赵明奎,27/3/2014
1021,朱群禄,27/3/2014
1022,闫征,26/3/2014
1023,崔忠省,26/3/2014
1024,费天保,26/3/2014
1025,胡学凡,25/3/2014
1026,何华章,24/3/2014
1027,曾维宽,24/3/2014
1028,马应权,26/3/2014
1029,孔祥鹏,24/3/2014
1030,岳德荣,23/3/2014
1031,赵波,21/3/2014
1032,丁维和,20/3/2014
1033,程樵佳,20/3/2014
1034,龚汉坤,20/3/2014
1035,何继雄,20/3/2014
1036,崔仁泉,20/3/2014
1037,时小雨,19/3/2014
1038,伍勇,19/3/2014
1039,张波,18/3/2014
1040,张连德,18/3/2014
1041,丁占武,18/3/2014
1042,张磊,18/3/2014
1043,邹平,17/3/2014
1044,张明,14/3/2014
1045,谢禧乐,14/3/2014
1046,杨国玲,14/3/2014
1047,邱述南,17/3/2014
1048,滕昭义,7/3/14
1049,孙洪波,14/3/2014
1050,杨正明,7/3/14
1051,汪海泉,12/3/14
1052,胡东明,12/3/14
1053,谢克敏,6/3/14
1054,周纪童,6/3/14
1055,高世宝,3/3/14
1056,晏德文,28/2/2014
1057,张学民,28/2/2014
1058,傅春荣,28/2/2014
1059,李永全,28/2/2014
1060,冯华,28/2/2014
1061,张震龙,27/2/2014
1062,张孝云,26/2/2014
1063,李卫平,25/2/2014
1064,张东阳,25/2/2014
1065,魏力生,25/2/2014
1066,任云峰,24/2/2014
1067,安俊生,24/2/2014
1068,胡彪,24/2/2014
1069,张翔,21/2/2014
1070,李烈阳,21/2/2014
1071,文家碧,19/2/2014
1072,杨波,19/2/2014
1073,凌子群,17/2/2014
1074,幸敬华,17/2/2014
1075,王可炜,14/2/2014
1076,杨晓炳,13/2/2014
1077,刘沐珍,10/2/14
1078,吴周春,9/2/14
1079,陈瑞喜,27/1/2014
1080,雷炎生,27/1/2014
1081,马吉,23/1/2014
1082,宋国安,22/1/2014
1083,冯焰,22/1/2014
1084,曹琰,22/1/2014
1085,鲁力军,22/1/2014
1086,罗长刚,22/1/2014
1087,黎平,21/1/2014
1088,陈华安,21/1/2014
1089,陈建胜,21/1/2014
1090,吴开方,21/1/2014
1091,梁树林,20/1/2014